Comparison_list,P_value,name_variable,FDR_p
Adult-onset vs. controls,0.9999999999980823,MMAdiposeSub,0.9999999999999984
Childhood-onset vs. controls,0.4212441313352743,MMAdiposeSub,0.9999999999999984
Overlap-onset vs. controls,0.9999999999999888,MMAdiposeSub,0.9999999999999984
Adult-onset vs. childhood-onset,0.9999999999999812,MMAdiposeSub,0.9999999999999984
Adult-onset vs. overlap-onset,0.9999999999999984,MMAdiposeSub,0.9999999999999984
Childhood-onset vs. overlap-onset,0.9999999999999851,MMAdiposeSub,0.9999999999999984
Adult-onset vs. controls,0.9999999999999956,MMAdiposeVisceral,0.9999999999999956
Childhood-onset vs. controls,0.1375861324575456,MMAdiposeVisceral,0.41275839737263686
Overlap-onset vs. controls,0.5289101930674973,MMAdiposeVisceral,0.793365289601246
Adult-onset vs. childhood-onset,NA,MMAdiposeVisceral,NA
Adult-onset vs. overlap-onset,NA,MMAdiposeVisceral,NA
Childhood-onset vs. overlap-onset,NA,MMAdiposeVisceral,NA
Adult-onset vs. controls,0.9999999999983569,MMAdrenalGland,0.9999999999999993
Childhood-onset vs. controls,0.39352912129243073,MMAdrenalGland,0.9999999999999993
Overlap-onset vs. controls,0.5516049217067029,MMAdrenalGland,0.9999999999999993
Adult-onset vs. childhood-onset,0.9999999999999812,MMAdrenalGland,0.9999999999999993
Adult-onset vs. overlap-onset,NA,MMAdrenalGland,NA
Childhood-onset vs. overlap-onset,0.9999999999999993,MMAdrenalGland,0.9999999999999993
Adult-onset vs. controls,0.9999999999962981,MMArteryAorta,0.9999999999962981
Childhood-onset vs. controls,0.426200531159438,MMArteryAorta,0.9999999999962981
Overlap-onset vs. controls,0.9397843639955766,MMArteryAorta,0.9999999999962981
Adult-onset vs. childhood-onset,NA,MMArteryAorta,NA
Adult-onset vs. overlap-onset,NA,MMArteryAorta,NA
Childhood-onset vs. overlap-onset,NA,MMArteryAorta,NA
Adult-onset vs. controls,0.9999999999999842,MMArteryCoronary,0.9999999999999842
Childhood-onset vs. controls,0.337298860355438,MMArteryCoronary,0.9999999999999842
Overlap-onset vs. controls,0.8298402280598631,MMArteryCoronary,0.9999999999999842
Adult-onset vs. childhood-onset,NA,MMArteryCoronary,NA
Adult-onset vs. overlap-onset,NA,MMArteryCoronary,NA
Childhood-onset vs. overlap-onset,NA,MMArteryCoronary,NA
Adult-onset vs. controls,0.9999999999977861,MMArteryTibial,0.9999999999999851
Childhood-onset vs. controls,0.5202739491958666,MMArteryTibial,0.9999999999999851
Overlap-onset vs. controls,0.9999999999999851,MMArteryTibial,0.9999999999999851
Adult-onset vs. childhood-onset,NA,MMArteryTibial,NA
Adult-onset vs. overlap-onset,NA,MMArteryTibial,NA
Childhood-onset vs. overlap-onset,NA,MMArteryTibial,NA
Adult-onset vs. controls,0.9999999999992665,MMAmygdala,0.9999999999999994
Childhood-onset vs. controls,0.5991092822237275,MMAmygdala,0.9999999999999994
Overlap-onset vs. controls,0.577541640904978,MMAmygdala,0.9999999999999994
Adult-onset vs. childhood-onset,0.9999999999999994,MMAmygdala,0.9999999999999994
Adult-onset vs. overlap-onset,0.8340305366161993,MMAmygdala,0.9999999999999994
Childhood-onset vs. overlap-onset,0.43551662257753654,MMAmygdala,0.9999999999999994
Adult-onset vs. controls,0.9296715332607332,MMAntCingCortex,0.9691145247076528
Childhood-onset vs. controls,0.9691145247076528,MMAntCingCortex,0.9691145247076528
Overlap-onset vs. controls,0.08679221287299621,MMAntCingCortex,0.5207532772379773
Adult-onset vs. childhood-onset,0.9224347093904749,MMAntCingCortex,0.9691145247076528
Adult-onset vs. overlap-onset,0.5189606976348429,MMAntCingCortex,0.9691145247076528
Childhood-onset vs. overlap-onset,0.3134830851874869,MMAntCingCortex,0.9404492555624607
Adult-onset vs. controls,0.9999999999999842,MMCaudate,0.9999999999999991
Childhood-onset vs. controls,0.621162426396747,MMCaudate,0.9999999999999991
Overlap-onset vs. controls,0.08308991904821576,MMCaudate,0.49853951428929455
Adult-onset vs. childhood-onset,0.999999999999998,MMCaudate,0.9999999999999991
Adult-onset vs. overlap-onset,0.9999999999999991,MMCaudate,0.9999999999999991
Childhood-onset vs. overlap-onset,0.4325799132061653,MMCaudate,0.9999999999999991
Adult-onset vs. controls,0.9999999999999899,MMCerebHemisphere,0.9999999999999998
Childhood-onset vs. controls,0.41042380599500544,MMCerebHemisphere,0.9999999999999998
Overlap-onset vs. controls,0.33910855309502747,MMCerebHemisphere,0.9999999999999998
Adult-onset vs. childhood-onset,0.9999999999999994,MMCerebHemisphere,0.9999999999999998
Adult-onset vs. overlap-onset,0.9999999999999998,MMCerebHemisphere,0.9999999999999998
Childhood-onset vs. overlap-onset,0.9004360099552172,MMCerebHemisphere,0.9999999999999998
Adult-onset vs. controls,0.999999999999992,MMCerebellum,0.9999999999999991
Childhood-onset vs. controls,0.25267792032764014,MMCerebellum,0.7580337609829204
Overlap-onset vs. controls,0.20336769814877845,MMCerebellum,0.7580337609829204
Adult-onset vs. childhood-onset,0.9999999999999991,MMCerebellum,0.9999999999999991
Adult-onset vs. overlap-onset,0.9999999999999991,MMCerebellum,0.9999999999999991
Childhood-onset vs. overlap-onset,0.8299281103496098,MMCerebellum,0.9999999999999991
Adult-onset vs. controls,0.37248799991391257,MMCortex,0.999999999999999
Childhood-onset vs. controls,0.9999999999999887,MMCortex,0.999999999999999
Overlap-onset vs. controls,0.9999999999998925,MMCortex,0.999999999999999
Adult-onset vs. childhood-onset,0.45306818479401334,MMCortex,0.999999999999999
Adult-onset vs. overlap-onset,0.6383213977424664,MMCortex,0.999999999999999
Childhood-onset vs. overlap-onset,0.999999999999999,MMCortex,0.999999999999999
Adult-onset vs. controls,0.9999999999994514,MMFCortex,0.9999999999999998
Childhood-onset vs. controls,0.8099908778816133,MMFCortex,0.9999999999999998
Overlap-onset vs. controls,0.4020254640485442,MMFCortex,0.9999999999999998
Adult-onset vs. childhood-onset,0.999999999999998,MMFCortex,0.9999999999999998
Adult-onset vs. overlap-onset,0.9999999999999998,MMFCortex,0.9999999999999998
Childhood-onset vs. overlap-onset,0.7488399965960034,MMFCortex,0.9999999999999998
Adult-onset vs. controls,0.18574112202655552,MMHippocampus,0.9895776018914895
Childhood-onset vs. controls,0.8745213676265973,MMHippocampus,0.9895776018914895
Overlap-onset vs. controls,0.6967508683029178,MMHippocampus,0.9895776018914895
Adult-onset vs. childhood-onset,0.36255612022118483,MMHippocampus,0.9895776018914895
Adult-onset vs. overlap-onset,0.6383213977424664,MMHippocampus,0.9895776018914895
Childhood-onset vs. overlap-onset,0.9895776018914895,MMHippocampus,0.9895776018914895
Adult-onset vs. controls,0.9132467693798749,MMHypothalamus,0.9999999999999984
Childhood-onset vs. controls,0.41042380599500544,MMHypothalamus,0.9999999999999984
Overlap-onset vs. controls,0.6680608071272768,MMHypothalamus,0.9999999999999984
Adult-onset vs. childhood-onset,0.7507746378178166,MMHypothalamus,0.9999999999999984
Adult-onset vs. overlap-onset,0.9999999999999984,MMHypothalamus,0.9999999999999984
Childhood-onset vs. overlap-onset,0.4565220989971066,MMHypothalamus,0.9999999999999984
Adult-onset vs. controls,0.9999999999999972,MMNucAccumbens,0.9999999999999991
Childhood-onset vs. controls,0.7419823935805783,MMNucAccumbens,0.9999999999999991
Overlap-onset vs. controls,0.1740136215241238,MMNucAccumbens,0.6296545297955753
Adult-onset vs. childhood-onset,0.9999999999999982,MMNucAccumbens,0.9999999999999991
Adult-onset vs. overlap-onset,0.9999999999999991,MMNucAccumbens,0.9999999999999991
Childhood-onset vs. overlap-onset,0.20988484326519177,MMNucAccumbens,0.6296545297955753
Adult-onset vs. controls,0.9999999999999817,MMPutamen,0.9999999999999994
Childhood-onset vs. controls,0.32073523462075704,MMPutamen,0.9999999999999994
Overlap-onset vs. controls,0.8637469444107244,MMPutamen,0.9999999999999994
Adult-onset vs. childhood-onset,0.8354082676791442,MMPutamen,0.9999999999999994
Adult-onset vs. overlap-onset,0.9999999999999994,MMPutamen,0.9999999999999994
Childhood-onset vs. overlap-onset,0.43551662257753654,MMPutamen,0.9999999999999994
Adult-onset vs. controls,0.9999999999980301,MMSpinalcord,0.9999999999999978
Childhood-onset vs. controls,0.9020205088955404,MMSpinalcord,0.9999999999999978
Overlap-onset vs. controls,0.9999999999992885,MMSpinalcord,0.9999999999999978
Adult-onset vs. childhood-onset,0.9999999999999927,MMSpinalcord,0.9999999999999978
Adult-onset vs. overlap-onset,0.9999999999999978,MMSpinalcord,0.9999999999999978
Childhood-onset vs. overlap-onset,0.9999999999999915,MMSpinalcord,0.9999999999999978
Adult-onset vs. controls,0.9907115672609995,MMSubstantianigra,0.9999999999999994
Childhood-onset vs. controls,0.5819331580178673,MMSubstantianigra,0.9999999999999994
Overlap-onset vs. controls,0.5919029613302301,MMSubstantianigra,0.9999999999999994
Adult-onset vs. childhood-onset,0.8354082676791442,MMSubstantianigra,0.9999999999999994
Adult-onset vs. overlap-onset,0.9999999999999994,MMSubstantianigra,0.9999999999999994
Childhood-onset vs. overlap-onset,0.43551662257753654,MMSubstantianigra,0.9999999999999994
Adult-onset vs. controls,0.9999999999983569,MMBreast,0.9999999999999993
Childhood-onset vs. controls,0.39352912129243073,MMBreast,0.9999999999999993
Overlap-onset vs. controls,0.5516049217067029,MMBreast,0.9999999999999993
Adult-onset vs. childhood-onset,0.9999999999999812,MMBreast,0.9999999999999993
Adult-onset vs. overlap-onset,NA,MMBreast,NA
Childhood-onset vs. overlap-onset,0.9999999999999993,MMBreast,0.9999999999999993
Adult-onset vs. controls,0.999999999998308,MMCellsLymphocytes,0.9999999999999984
Childhood-onset vs. controls,0.09634549510287768,MMCellsLymphocytes,0.48172747551438844
Overlap-onset vs. controls,0.9999999999999242,MMCellsLymphocytes,0.9999999999999984
Adult-onset vs. childhood-onset,NA,MMCellsLymphocytes,NA
Adult-onset vs. overlap-onset,0.9999999999999984,MMCellsLymphocytes,0.9999999999999984
Childhood-onset vs. overlap-onset,0.6154194020398062,MMCellsLymphocytes,0.9999999999999984
Adult-onset vs. controls,0.9999999999994996,MMCellsFibroblasts,0.9999999999999993
Childhood-onset vs. controls,0.5458860929022317,MMCellsFibroblasts,0.9999999999999993
Overlap-onset vs. controls,0.6540907591179987,MMCellsFibroblasts,0.9999999999999993
Adult-onset vs. childhood-onset,0.9999999999999812,MMCellsFibroblasts,0.9999999999999993
Adult-onset vs. overlap-onset,NA,MMCellsFibroblasts,NA
Childhood-onset vs. overlap-onset,0.9999999999999993,MMCellsFibroblasts,0.9999999999999993
Adult-onset vs. controls,0.9999999999999969,MMColonSigmoid,0.9999999999999969
Childhood-onset vs. controls,0.9999999999992667,MMColonSigmoid,0.9999999999999969
Overlap-onset vs. controls,0.651419408673787,MMColonSigmoid,0.9999999999999969
Adult-onset vs. childhood-onset,0.9999999999999735,MMColonSigmoid,0.9999999999999969
Adult-onset vs. overlap-onset,NA,MMColonSigmoid,NA
Childhood-onset vs. overlap-onset,0.9345549827356014,MMColonSigmoid,0.9999999999999969
Adult-onset vs. controls,0.9999999999999785,MMColonTransverse,0.9999999999999993
Childhood-onset vs. controls,0.1356366926602678,MMColonTransverse,0.6781834633013389
Overlap-onset vs. controls,0.3289790458382569,MMColonTransverse,0.8224476145956422
Adult-onset vs. childhood-onset,0.9999999999999812,MMColonTransverse,0.9999999999999993
Adult-onset vs. overlap-onset,NA,MMColonTransverse,NA
Childhood-onset vs. overlap-onset,0.9999999999999993,MMColonTransverse,0.9999999999999993
Adult-onset vs. controls,0.9999999999999973,MMEsophGastJunction,0.9999999999999993
Childhood-onset vs. controls,0.4904223185098198,MMEsophGastJunction,0.9999999999999993
Overlap-onset vs. controls,0.6180437083405647,MMEsophGastJunction,0.9999999999999993
Adult-onset vs. childhood-onset,0.9999999999999812,MMEsophGastJunction,0.9999999999999993
Adult-onset vs. overlap-onset,NA,MMEsophGastJunction,NA
Childhood-onset vs. overlap-onset,0.9999999999999993,MMEsophGastJunction,0.9999999999999993
Adult-onset vs. controls,0.9999999999999979,MMEsophMucosa,0.9999999999999979
Childhood-onset vs. controls,0.09202431757669699,MMEsophMucosa,0.27607295273009097
Overlap-onset vs. controls,0.43653862684962363,MMEsophMucosa,0.6548079402744355
Adult-onset vs. childhood-onset,NA,MMEsophMucosa,NA
Adult-onset vs. overlap-onset,NA,MMEsophMucosa,NA
Childhood-onset vs. overlap-onset,NA,MMEsophMucosa,NA
Adult-onset vs. controls,0.9999999999977361,MMEsophMuscularis,0.9999999999999993
Childhood-onset vs. controls,0.6989668026107082,MMEsophMuscularis,0.9999999999999993
Overlap-onset vs. controls,0.7486527068455671,MMEsophMuscularis,0.9999999999999993
Adult-onset vs. childhood-onset,0.9999999999999812,MMEsophMuscularis,0.9999999999999993
Adult-onset vs. overlap-onset,NA,MMEsophMuscularis,NA
Childhood-onset vs. overlap-onset,0.9999999999999993,MMEsophMuscularis,0.9999999999999993
Adult-onset vs. controls,0.9999999999979408,MMHeartAtrialApp,0.9999999999999993
Childhood-onset vs. controls,0.7735031870218606,MMHeartAtrialApp,0.9999999999999993
Overlap-onset vs. controls,0.7929508723035358,MMHeartAtrialApp,0.9999999999999993
Adult-onset vs. childhood-onset,0.9999999999999812,MMHeartAtrialApp,0.9999999999999993
Adult-onset vs. overlap-onset,NA,MMHeartAtrialApp,NA
Childhood-onset vs. overlap-onset,0.9999999999999993,MMHeartAtrialApp,0.9999999999999993
Adult-onset vs. controls,0.9999999999980234,MMHeartLeftVent,0.9999999999999898
Childhood-onset vs. controls,0.5924956361484562,MMHeartLeftVent,0.9999999999999898
Overlap-onset vs. controls,0.9999999999999898,MMHeartLeftVent,0.9999999999999898
Adult-onset vs. childhood-onset,NA,MMHeartLeftVent,NA
Adult-onset vs. overlap-onset,NA,MMHeartLeftVent,NA
Childhood-onset vs. overlap-onset,NA,MMHeartLeftVent,NA
Adult-onset vs. controls,0.9999999999999978,MMLiver,0.9999999999999984
Childhood-onset vs. controls,0.1585849961102602,MMLiver,0.792924980551301
Overlap-onset vs. controls,0.9999999999992502,MMLiver,0.9999999999999984
Adult-onset vs. childhood-onset,NA,MMLiver,NA
Adult-onset vs. overlap-onset,0.9999999999999984,MMLiver,0.9999999999999984
Childhood-onset vs. overlap-onset,0.6154194020398062,MMLiver,0.9999999999999984
Adult-onset vs. controls,0.8888757995894845,MMLung,0.9999999999999994
Childhood-onset vs. controls,0.3348772548308081,MMLung,0.8371931370770203
Overlap-onset vs. controls,0.24387582152593837,MMLung,0.8371931370770203
Adult-onset vs. childhood-onset,0.9999999999999994,MMLung,0.9999999999999994
Adult-onset vs. overlap-onset,NA,MMLung,NA
Childhood-onset vs. overlap-onset,0.6705673071997241,MMLung,0.9999999999999994
Adult-onset vs. controls,0.9999999999975687,MMMuscleSkeletal,0.9999999999975687
Childhood-onset vs. controls,0.45924291920117066,MMMuscleSkeletal,0.9999999999975687
Overlap-onset vs. controls,0.9785778439938069,MMMuscleSkeletal,0.9999999999975687
Adult-onset vs. childhood-onset,NA,MMMuscleSkeletal,NA
Adult-onset vs. overlap-onset,NA,MMMuscleSkeletal,NA
Childhood-onset vs. overlap-onset,NA,MMMuscleSkeletal,NA
Adult-onset vs. controls,0.9204984375355628,MMNerveTibial,0.9345549827356014
Childhood-onset vs. controls,0.4177329539723778,MMNerveTibial,0.9345549827356014
Overlap-onset vs. controls,0.38689679242885655,MMNerveTibial,0.9345549827356014
Adult-onset vs. childhood-onset,0.6690305809841421,MMNerveTibial,0.9345549827356014
Adult-onset vs. overlap-onset,0.48725960706073657,MMNerveTibial,0.9345549827356014
Childhood-onset vs. overlap-onset,0.9345549827356014,MMNerveTibial,0.9345549827356014
Adult-onset vs. controls,0.9999999999999987,MMOvary,0.9999999999999987
Childhood-onset vs. controls,0.7580375116419505,MMOvary,0.9999999999999987
Overlap-onset vs. controls,0.9999999999999923,MMOvary,0.9999999999999987
Adult-onset vs. childhood-onset,0.9999999999999735,MMOvary,0.9999999999999987
Adult-onset vs. overlap-onset,0.9999999999999984,MMOvary,0.9999999999999987
Childhood-onset vs. overlap-onset,0.9999999999999963,MMOvary,0.9999999999999987
Adult-onset vs. controls,0.9999999999999823,MMPancreas,0.9999999999999993
Childhood-onset vs. controls,0.4756884295919204,MMPancreas,0.9999999999999993
Overlap-onset vs. controls,0.6082532986866089,MMPancreas,0.9999999999999993
Adult-onset vs. childhood-onset,0.9999999999999812,MMPancreas,0.9999999999999993
Adult-onset vs. overlap-onset,NA,MMPancreas,NA
Childhood-onset vs. overlap-onset,0.9999999999999993,MMPancreas,0.9999999999999993
Adult-onset vs. controls,0.7123145732254985,MMPituitary,0.9999999999999984
Childhood-onset vs. controls,0.60903349921349,MMPituitary,0.9999999999999984
Overlap-onset vs. controls,0.37392775858734867,MMPituitary,0.9999999999999984
Adult-onset vs. childhood-onset,0.9224347093904749,MMPituitary,0.9999999999999984
Adult-onset vs. overlap-onset,0.9999999999999984,MMPituitary,0.9999999999999984
Childhood-onset vs. overlap-onset,0.7121367384163942,MMPituitary,0.9999999999999984
Adult-onset vs. controls,0.8735852079381952,MMProstate,0.8735852079381952
Childhood-onset vs. controls,0.023423211066865696,MMProstate,0.07026963320059709
Overlap-onset vs. controls,0.23377459096695427,MMProstate,0.3506618864504314
Adult-onset vs. childhood-onset,NA,MMProstate,NA
Adult-onset vs. overlap-onset,NA,MMProstate,NA
Childhood-onset vs. overlap-onset,NA,MMProstate,NA
Adult-onset vs. controls,0.9999999999999958,MMSkinSuprapubic,0.9999999999999993
Childhood-onset vs. controls,0.08908750395983372,MMSkinSuprapubic,0.5345250237590023
Overlap-onset vs. controls,0.27088536166492666,MMSkinSuprapubic,0.7308894105911048
Adult-onset vs. childhood-onset,0.4518857448102427,MMSkinSuprapubic,0.7308894105911048
Adult-onset vs. overlap-onset,0.48725960706073657,MMSkinSuprapubic,0.7308894105911048
Childhood-onset vs. overlap-onset,0.9999999999999993,MMSkinSuprapubic,0.9999999999999993
Adult-onset vs. controls,0.9169950680248768,MMSkinLowerLeg,0.9999999999999735
Childhood-onset vs. controls,0.19400002698819704,MMSkinLowerLeg,0.6574090855602774
Overlap-onset vs. controls,0.26296363422411095,MMSkinLowerLeg,0.6574090855602774
Adult-onset vs. childhood-onset,0.9999999999999735,MMSkinLowerLeg,0.9999999999999735
Adult-onset vs. overlap-onset,NA,MMSkinLowerLeg,NA
Childhood-onset vs. overlap-onset,0.9345549827356014,MMSkinLowerLeg,0.9999999999999735
Adult-onset vs. controls,0.7524010868446334,MMSmallIntestine,0.9999999999999984
Childhood-onset vs. controls,0.027880675130734715,MMSmallIntestine,0.16728405078440828
Overlap-onset vs. controls,0.42713813308306553,MMSmallIntestine,0.9999999999999984
Adult-onset vs. childhood-onset,0.9999999999999812,MMSmallIntestine,0.9999999999999984
Adult-onset vs. overlap-onset,0.9999999999999984,MMSmallIntestine,0.9999999999999984
Childhood-onset vs. overlap-onset,0.9999999999999851,MMSmallIntestine,0.9999999999999984
Adult-onset vs. controls,0.874746611449725,MMSpleen,0.9999999999999735
Childhood-onset vs. controls,0.15295221141126683,MMSpleen,0.5863371868358098
Overlap-onset vs. controls,0.2345348747343239,MMSpleen,0.5863371868358098
Adult-onset vs. childhood-onset,0.9999999999999735,MMSpleen,0.9999999999999735
Adult-onset vs. overlap-onset,NA,MMSpleen,NA
Childhood-onset vs. overlap-onset,0.9345549827356014,MMSpleen,0.9999999999999735
Adult-onset vs. controls,0.9999999999999926,MMStomach,0.9999999999999926
Childhood-onset vs. controls,0.10811610013450582,MMStomach,0.3243483004035175
Overlap-onset vs. controls,0.4711585152783597,MMStomach,0.7067377729175396
Adult-onset vs. childhood-onset,NA,MMStomach,NA
Adult-onset vs. overlap-onset,NA,MMStomach,NA
Childhood-onset vs. overlap-onset,NA,MMStomach,NA
Adult-onset vs. controls,0.9613937917818997,MMTestis,0.999999999999998
Childhood-onset vs. controls,0.04802302084527149,MMTestis,0.20882781714127116
Overlap-onset vs. controls,0.06960927238042372,MMTestis,0.20882781714127116
Adult-onset vs. childhood-onset,0.999999999999998,MMTestis,0.999999999999998
Adult-onset vs. overlap-onset,0.9051494005303214,MMTestis,0.999999999999998
Childhood-onset vs. overlap-onset,0.5706737213618387,MMTestis,0.999999999999998
Adult-onset vs. controls,0.9999999999999685,MMThyroid,0.9999999999999735
Childhood-onset vs. controls,0.3856153194826293,MMThyroid,0.9640382987065732
Overlap-onset vs. controls,0.37102925609706294,MMThyroid,0.9640382987065732
Adult-onset vs. childhood-onset,0.9999999999999735,MMThyroid,0.9999999999999735
Adult-onset vs. overlap-onset,NA,MMThyroid,NA
Childhood-onset vs. overlap-onset,0.9345549827356014,MMThyroid,0.9999999999999735
Adult-onset vs. controls,0.9999999999999919,MMUterus,0.9999999999999984
Childhood-onset vs. controls,0.19535109624122993,MMUterus,0.9767554812061496
Overlap-onset vs. controls,0.9999999999999881,MMUterus,0.9999999999999984
Adult-onset vs. childhood-onset,NA,MMUterus,NA
Adult-onset vs. overlap-onset,0.9999999999999984,MMUterus,0.9999999999999984
Childhood-onset vs. overlap-onset,0.6154194020398062,MMUterus,0.9999999999999984
Adult-onset vs. controls,0.9207683546552964,MMVagina,0.9999999999999993
Childhood-onset vs. controls,0.08531214398099195,MMVagina,0.42656071990495975
Overlap-onset vs. controls,0.2655747953540264,MMVagina,0.663936988385066
Adult-onset vs. childhood-onset,0.9999999999999812,MMVagina,0.9999999999999993
Adult-onset vs. overlap-onset,NA,MMVagina,NA
Childhood-onset vs. overlap-onset,0.9999999999999993,MMVagina,0.9999999999999993
Adult-onset vs. controls,0.9999999999991058,MMWholeBlood,0.9999999999991058
Childhood-onset vs. controls,0.3314373746840378,MMWholeBlood,0.9943121240521133
Overlap-onset vs. controls,0.8222501340229819,MMWholeBlood,0.9999999999991058
Adult-onset vs. childhood-onset,NA,MMWholeBlood,NA
Adult-onset vs. overlap-onset,NA,MMWholeBlood,NA
Childhood-onset vs. overlap-onset,NA,MMWholeBlood,NA
Adult-onset vs. controls,0.8257135213981565,AdiposeSub,0.9999999999994145
Childhood-onset vs. controls,0.9999999999994145,AdiposeSub,0.9999999999994145
Overlap-onset vs. controls,0.467716143442291,AdiposeSub,0.9999999999994145
Adult-onset vs. childhood-onset,0.8354082676791442,AdiposeSub,0.9999999999994145
Adult-onset vs. overlap-onset,0.48725960706073657,AdiposeSub,0.9999999999994145
Childhood-onset vs. overlap-onset,0.6705673071997241,AdiposeSub,0.9999999999994145
Adult-onset vs. controls,0.7939776172265435,AdiposeVisceral,0.9999999999996529
Childhood-onset vs. controls,0.9999999999996529,AdiposeVisceral,0.9999999999996529
Overlap-onset vs. controls,0.49617965367997247,AdiposeVisceral,0.9999999999996529
Adult-onset vs. childhood-onset,0.8354082676791442,AdiposeVisceral,0.9999999999996529
Adult-onset vs. overlap-onset,0.48725960706073657,AdiposeVisceral,0.9999999999996529
Childhood-onset vs. overlap-onset,0.6705673071997241,AdiposeVisceral,0.9999999999996529
Adult-onset vs. controls,0.45950042058630075,AdrenalGland,0.6892506308794512
Childhood-onset vs. controls,5.369475750167454e-10,AdrenalGland,3.2216854501004723e-9
Overlap-onset vs. controls,0.3947621492055247,AdrenalGland,0.6892506308794512
Adult-onset vs. childhood-onset,0.9149944280194923,AdrenalGland,0.999999999999996
Adult-onset vs. overlap-onset,0.999999999999996,AdrenalGland,0.999999999999996
Childhood-onset vs. overlap-onset,0.19440832187536394,AdrenalGland,0.5832249656260918
Adult-onset vs. controls,0.999999999999999,ArteryAorta,0.9999999999999994
Childhood-onset vs. controls,0.9999999999999937,ArteryAorta,0.9999999999999994
Overlap-onset vs. controls,0.47289172494640586,ArteryAorta,0.9999999999999994
Adult-onset vs. childhood-onset,0.9999999999999994,ArteryAorta,0.9999999999999994
Adult-onset vs. overlap-onset,NA,ArteryAorta,NA
Childhood-onset vs. overlap-onset,0.6705673071997241,ArteryAorta,0.9999999999999994
Adult-onset vs. controls,0.9999999999999741,ArteryCoronary,0.9999999999999741
Childhood-onset vs. controls,0.3145642830348087,ArteryCoronary,0.9436928491044261
Overlap-onset vs. controls,0.8001215406282652,ArteryCoronary,0.9999999999999741
Adult-onset vs. childhood-onset,NA,ArteryCoronary,NA
Adult-onset vs. overlap-onset,NA,ArteryCoronary,NA
Childhood-onset vs. overlap-onset,NA,ArteryCoronary,NA
Adult-onset vs. controls,0.9999999999991572,ArteryTibial,0.9999999999999999
Childhood-onset vs. controls,0.9999999999995024,ArteryTibial,0.9999999999999999
Overlap-onset vs. controls,0.9999999999992183,ArteryTibial,0.9999999999999999
Adult-onset vs. childhood-onset,0.9999999999999998,ArteryTibial,0.9999999999999999
Adult-onset vs. overlap-onset,0.9999999999999984,ArteryTibial,0.9999999999999999
Childhood-onset vs. overlap-onset,0.9999999999999999,ArteryTibial,0.9999999999999999
Adult-onset vs. controls,0.9999999999975722,Amygdala,0.9999999999999735
Childhood-onset vs. controls,0.9999999999993987,Amygdala,0.9999999999999735
Overlap-onset vs. controls,0.8260314313595669,Amygdala,0.9999999999999735
Adult-onset vs. childhood-onset,0.9999999999999735,Amygdala,0.9999999999999735
Adult-onset vs. overlap-onset,NA,Amygdala,NA
Childhood-onset vs. overlap-onset,0.9345549827356014,Amygdala,0.9999999999999735
Adult-onset vs. controls,0.9452656117769039,AntCingCortex,0.9999999999999984
Childhood-onset vs. controls,0.22516998029482135,AntCingCortex,0.9999999999999984
Overlap-onset vs. controls,0.7202246089182733,AntCingCortex,0.9999999999999984
Adult-onset vs. childhood-onset,0.9999999999999735,AntCingCortex,0.9999999999999984
Adult-onset vs. overlap-onset,0.9999999999999984,AntCingCortex,0.9999999999999984
Childhood-onset vs. overlap-onset,0.9999999999999963,AntCingCortex,0.9999999999999984
Adult-onset vs. controls,0.9999999999999821,Caudate,0.9999999999999998
Childhood-onset vs. controls,0.8011810614503183,Caudate,0.9999999999999998
Overlap-onset vs. controls,0.2153453984069102,Caudate,0.9999999999999998
Adult-onset vs. childhood-onset,0.9999999999999998,Caudate,0.9999999999999998
Adult-onset vs. overlap-onset,0.8340305366161993,Caudate,0.9999999999999998
Childhood-onset vs. overlap-onset,0.626212950661215,Caudate,0.9999999999999998
Adult-onset vs. controls,0.9256882561991058,CerebHemisphere,0.9256882561991058
Childhood-onset vs. controls,0.2839853452087911,CerebHemisphere,0.5198256235439267
Overlap-onset vs. controls,0.016350471210318015,CerebHemisphere,0.09810282726190808
Adult-onset vs. childhood-onset,0.7011450220235701,CerebHemisphere,0.8413740264282841
Adult-onset vs. overlap-onset,0.34655041569595113,CerebHemisphere,0.5198256235439267
Childhood-onset vs. overlap-onset,0.2624465172511145,CerebHemisphere,0.5198256235439267
Adult-onset vs. controls,0.44647464605007725,Cerebellum,0.44647464605007725
Childhood-onset vs. controls,0.002913379904731475,Cerebellum,0.008740139714194425
Overlap-onset vs. controls,1.037609555481579e-7,Cerebellum,6.225657332889474e-7
Adult-onset vs. childhood-onset,0.19130742074797952,Cerebellum,0.22956890489757542
Adult-onset vs. overlap-onset,0.040799620914013866,Cerebellum,0.07552244984241026
Childhood-onset vs. overlap-onset,0.05034829989494017,Cerebellum,0.07552244984241026
Adult-onset vs. controls,0.999999999998506,Cortex,0.9999999999999984
Childhood-onset vs. controls,0.24255081506557077,Cortex,0.9999999999999984
Overlap-onset vs. controls,0.9999999999989772,Cortex,0.9999999999999984
Adult-onset vs. childhood-onset,0.6690305809841421,Cortex,0.9999999999999984
Adult-onset vs. overlap-onset,0.9999999999999984,Cortex,0.9999999999999984
Childhood-onset vs. overlap-onset,0.6550818523777591,Cortex,0.9999999999999984
Adult-onset vs. controls,0.9999999999986445,FCortex,0.9999999999999994
Childhood-onset vs. controls,0.9999999999995234,FCortex,0.9999999999999994
Overlap-onset vs. controls,0.1694475988653838,FCortex,0.9461836574476901
Adult-onset vs. childhood-onset,0.9999999999999994,FCortex,0.9999999999999994
Adult-onset vs. overlap-onset,0.9925515366917147,FCortex,0.9999999999999994
Childhood-onset vs. overlap-onset,0.3153945524825634,FCortex,0.9461836574476901
Adult-onset vs. controls,0.999999999999989,Hippocampus,0.9999999999999974
Childhood-onset vs. controls,0.9999999999999974,Hippocampus,0.9999999999999974
Overlap-onset vs. controls,0.6874013148208582,Hippocampus,0.9999999999999974
Adult-onset vs. childhood-onset,0.9999999999999735,Hippocampus,0.9999999999999974
Adult-onset vs. overlap-onset,NA,Hippocampus,NA
Childhood-onset vs. overlap-onset,0.9345549827356014,Hippocampus,0.9999999999999974
Adult-onset vs. controls,0.9999999999985953,Hypothalamus,0.9999999999999999
Childhood-onset vs. controls,0.9999999999997223,Hypothalamus,0.9999999999999999
Overlap-onset vs. controls,0.9773522058208481,Hypothalamus,0.9999999999999999
Adult-onset vs. childhood-onset,0.9999999999999998,Hypothalamus,0.9999999999999999
Adult-onset vs. overlap-onset,0.9999999999999984,Hypothalamus,0.9999999999999999
Childhood-onset vs. overlap-onset,0.9999999999999999,Hypothalamus,0.9999999999999999
Adult-onset vs. controls,0.9999999999999958,NucAccumbens,0.9999999999999958
Childhood-onset vs. controls,0.9776164139089142,NucAccumbens,0.9999999999999958
Overlap-onset vs. controls,0.16197584251901023,NucAccumbens,0.9718550551140615
Adult-onset vs. childhood-onset,0.9999999999999927,NucAccumbens,0.9999999999999958
Adult-onset vs. overlap-onset,0.6527926697508626,NucAccumbens,0.9999999999999958
Childhood-onset vs. overlap-onset,0.4408778275854611,NucAccumbens,0.9999999999999958
Adult-onset vs. controls,0.9999999999982871,Putamen,0.9999999999999978
Childhood-onset vs. controls,0.721063428621683,Putamen,0.9999999999999978
Overlap-onset vs. controls,0.40396868237699646,Putamen,0.9999999999999978
Adult-onset vs. childhood-onset,0.9999999999999812,Putamen,0.9999999999999978
Adult-onset vs. overlap-onset,0.9999999999999978,Putamen,0.9999999999999978
Childhood-onset vs. overlap-onset,0.3825938855803745,Putamen,0.9999999999999978
Adult-onset vs. controls,0.970857877728599,Spinalcord,0.9999999999999978
Childhood-onset vs. controls,9.043956642892964e-4,Spinalcord,0.0054263739857357786
Overlap-onset vs. controls,0.9999999999995626,Spinalcord,0.9999999999999978
Adult-onset vs. childhood-onset,0.47524753099257877,Spinalcord,0.9504950619851575
Adult-onset vs. overlap-onset,0.9999999999999978,Spinalcord,0.9999999999999978
Childhood-onset vs. overlap-onset,0.331206732728053,Spinalcord,0.9504950619851575
Adult-onset vs. controls,0.9999999999999917,Substantianigra,0.9999999999999984
Childhood-onset vs. controls,0.15301465308405232,Substantianigra,0.9180879185043139
Overlap-onset vs. controls,0.9999999999999925,Substantianigra,0.9999999999999984
Adult-onset vs. childhood-onset,0.9224347093904749,Substantianigra,0.9999999999999984
Adult-onset vs. overlap-onset,0.9999999999999984,Substantianigra,0.9999999999999984
Childhood-onset vs. overlap-onset,0.7121367384163942,Substantianigra,0.9999999999999984
Adult-onset vs. controls,0.7320332885537222,Breast,0.9999999999999963
Childhood-onset vs. controls,0.792650502900167,Breast,0.9999999999999963
Overlap-onset vs. controls,0.9999999999991482,Breast,0.9999999999999963
Adult-onset vs. childhood-onset,0.6690305809841421,Breast,0.9999999999999963
Adult-onset vs. overlap-onset,0.9051494005303214,Breast,0.9999999999999963
Childhood-onset vs. overlap-onset,0.9999999999999963,Breast,0.9999999999999963
Adult-onset vs. controls,0.871264352153524,CellsLymphocytes,0.9999999999999956
Childhood-onset vs. controls,0.7142656463923649,CellsLymphocytes,0.9999999999999956
Overlap-onset vs. controls,0.13046586332126964,CellsLymphocytes,0.4489201147405145
Adult-onset vs. childhood-onset,0.9999999999999956,CellsLymphocytes,0.9999999999999956
Adult-onset vs. overlap-onset,0.4510728722436417,CellsLymphocytes,0.9021457444872834
Childhood-onset vs. overlap-onset,0.14964003824683816,CellsLymphocytes,0.4489201147405145
Adult-onset vs. controls,0.44979866267761454,CellsFibroblasts,0.6227528371618114
Childhood-onset vs. controls,0.006397442178083383,CellsFibroblasts,0.038384653068500293
Overlap-onset vs. controls,0.999999999999779,CellsFibroblasts,0.999999999999779
Adult-onset vs. childhood-onset,0.2074809903004354,CellsFibroblasts,0.6224429709013062
Adult-onset vs. overlap-onset,0.5189606976348429,CellsFibroblasts,0.6227528371618114
Childhood-onset vs. overlap-onset,0.3224646830911019,CellsFibroblasts,0.6227528371618114
Adult-onset vs. controls,0.999999999999527,ColonSigmoid,0.9999999999999994
Childhood-onset vs. controls,0.9999999999997459,ColonSigmoid,0.9999999999999994
Overlap-onset vs. controls,0.5986750118775696,ColonSigmoid,0.9999999999999994
Adult-onset vs. childhood-onset,0.9999999999999994,ColonSigmoid,0.9999999999999994
Adult-onset vs. overlap-onset,NA,ColonSigmoid,NA
Childhood-onset vs. overlap-onset,0.6705673071997241,ColonSigmoid,0.9999999999999994
Adult-onset vs. controls,0.9492315111564049,ColonTransverse,0.9492315111564049
Childhood-onset vs. controls,0.9049971069258548,ColonTransverse,0.9492315111564049
Overlap-onset vs. controls,0.2811341902744059,ColonTransverse,0.9492315111564049
Adult-onset vs. childhood-onset,0.9224347093904749,ColonTransverse,0.9492315111564049
Adult-onset vs. overlap-onset,0.6527926697508626,ColonTransverse,0.9492315111564049
Childhood-onset vs. overlap-onset,0.5934584534808104,ColonTransverse,0.9492315111564049
Adult-onset vs. controls,0.9999999999999727,EsophGastJunction,0.9999999999999984
Childhood-onset vs. controls,0.9263869727675235,EsophGastJunction,0.9999999999999984
Overlap-onset vs. controls,0.9999999999996465,EsophGastJunction,0.9999999999999984
Adult-onset vs. childhood-onset,0.9999999999999812,EsophGastJunction,0.9999999999999984
Adult-onset vs. overlap-onset,0.9999999999999984,EsophGastJunction,0.9999999999999984
Childhood-onset vs. overlap-onset,0.9999999999999851,EsophGastJunction,0.9999999999999984
Adult-onset vs. controls,0.9999999999994408,EsophMucosa,0.9999999999994408
Childhood-onset vs. controls,0.36268716074361573,EsophMucosa,0.9745192141214731
Overlap-onset vs. controls,0.2544661323563282,EsophMucosa,0.9745192141214731
Adult-onset vs. childhood-onset,0.8354082676791442,EsophMucosa,0.9999999999994408
Adult-onset vs. overlap-onset,0.48725960706073657,EsophMucosa,0.9745192141214731
Childhood-onset vs. overlap-onset,0.6705673071997241,EsophMucosa,0.9999999999994408
Adult-onset vs. controls,0.9999999999999923,EsophMuscularis,0.9999999999999984
Childhood-onset vs. controls,0.6828618084900056,EsophMuscularis,0.9999999999999984
Overlap-onset vs. controls,0.9999999999999962,EsophMuscularis,0.9999999999999984
Adult-onset vs. childhood-onset,0.9999999999999812,EsophMuscularis,0.9999999999999984
Adult-onset vs. overlap-onset,0.9999999999999984,EsophMuscularis,0.9999999999999984
Childhood-onset vs. overlap-onset,0.9999999999999851,EsophMuscularis,0.9999999999999984
Adult-onset vs. controls,0.9999999999987647,HeartAtrialApp,0.9999999999999984
Childhood-onset vs. controls,0.927617870731518,HeartAtrialApp,0.9999999999999984
Overlap-onset vs. controls,0.9999999999999906,HeartAtrialApp,0.9999999999999984
Adult-onset vs. childhood-onset,0.9999999999999735,HeartAtrialApp,0.9999999999999984
Adult-onset vs. overlap-onset,0.9999999999999984,HeartAtrialApp,0.9999999999999984
Childhood-onset vs. overlap-onset,0.9999999999999963,HeartAtrialApp,0.9999999999999984
Adult-onset vs. controls,0.9999999999999948,HeartLeftVent,0.9999999999999978
Childhood-onset vs. controls,0.44942273195075577,HeartLeftVent,0.9999999999999978
Overlap-onset vs. controls,0.9999999999999913,HeartLeftVent,0.9999999999999978
Adult-onset vs. childhood-onset,0.9999999999999735,HeartLeftVent,0.9999999999999978
Adult-onset vs. overlap-onset,0.9999999999999978,HeartLeftVent,0.9999999999999978
Childhood-onset vs. overlap-onset,0.6550818523777591,HeartLeftVent,0.9999999999999978
Adult-onset vs. controls,0.9999999999999535,Liver,0.9999999999999991
Childhood-onset vs. controls,0.6251303270527253,Liver,0.9999999999999991
Overlap-onset vs. controls,0.16497355487858922,Liver,0.9898413292715353
Adult-onset vs. childhood-onset,0.9999999999999991,Liver,0.9999999999999991
Adult-onset vs. overlap-onset,0.9925515366917147,Liver,0.9999999999999991
Childhood-onset vs. overlap-onset,0.5319336333538441,Liver,0.9999999999999991
Adult-onset vs. controls,0.9999999999999981,Lung,0.9999999999999981
Childhood-onset vs. controls,0.9999999999999929,Lung,0.9999999999999981
Overlap-onset vs. controls,0.9999999999998082,Lung,0.9999999999999981
Adult-onset vs. childhood-onset,0.9999999999999927,Lung,0.9999999999999981
Adult-onset vs. overlap-onset,0.9999999999999978,Lung,0.9999999999999981
Childhood-onset vs. overlap-onset,0.9999999999999915,Lung,0.9999999999999981
Adult-onset vs. controls,0.7533282455638766,MuscleSkeletal,0.9039938946766518
Childhood-onset vs. controls,0.48688961809461345,MuscleSkeletal,0.7303344271419202
Overlap-onset vs. controls,0.10366357569849866,MuscleSkeletal,0.31099072709549597
Adult-onset vs. childhood-onset,0.9999999999999927,MuscleSkeletal,0.9999999999999927
Adult-onset vs. overlap-onset,0.41651105383734116,MuscleSkeletal,0.7303344271419202
Childhood-onset vs. overlap-onset,0.08994053683744435,MuscleSkeletal,0.31099072709549597
Adult-onset vs. controls,0.986209864405304,NerveTibial,0.9999999999999984
Childhood-onset vs. controls,0.23927186158818278,NerveTibial,0.9999999999999984
Overlap-onset vs. controls,0.7884094893128794,NerveTibial,0.9999999999999984
Adult-onset vs. childhood-onset,0.7507746378178166,NerveTibial,0.9999999999999984
Adult-onset vs. overlap-onset,0.9999999999999984,NerveTibial,0.9999999999999984
Childhood-onset vs. overlap-onset,0.4565220989971066,NerveTibial,0.9999999999999984
Adult-onset vs. controls,0.5461701910853716,Ovary,0.9574820966136997
Childhood-onset vs. controls,0.009698506279825311,Ovary,0.05819103767895187
Overlap-onset vs. controls,0.9999999999999979,Ovary,0.9999999999999979
Adult-onset vs. childhood-onset,0.9999999999999925,Ovary,0.9999999999999979
Adult-onset vs. overlap-onset,0.6383213977424664,Ovary,0.9574820966136997
Childhood-onset vs. overlap-onset,0.29559254675376473,Ovary,0.8867776402612941
Adult-onset vs. controls,0.9999999999999878,Pancreas,0.9999999999999994
Childhood-onset vs. controls,0.9999999999992377,Pancreas,0.9999999999999994
Overlap-onset vs. controls,0.5537314925654395,Pancreas,0.9999999999999994
Adult-onset vs. childhood-onset,0.9999999999999994,Pancreas,0.9999999999999994
Adult-onset vs. overlap-onset,NA,Pancreas,NA
Childhood-onset vs. overlap-onset,0.6705673071997241,Pancreas,0.9999999999999994
Adult-onset vs. controls,0.9999999999999665,Pituitary,0.9999999999999998
Childhood-onset vs. controls,6.071346677356741e-10,Pituitary,3.6428080064140444e-9
Overlap-onset vs. controls,0.9999999999998609,Pituitary,0.9999999999999998
Adult-onset vs. childhood-onset,0.3430380432947824,Pituitary,0.6860760865895648
Adult-onset vs. overlap-onset,0.9999999999999998,Pituitary,0.9999999999999998
Childhood-onset vs. overlap-onset,0.04629459095200611,Pituitary,0.13888377285601833
Adult-onset vs. controls,0.9999999999980301,Prostate,0.9999999999999978
Childhood-onset vs. controls,0.3960470633997353,Prostate,0.9999999999999978
Overlap-onset vs. controls,0.9999999999992885,Prostate,0.9999999999999978
Adult-onset vs. childhood-onset,0.9999999999999735,Prostate,0.9999999999999978
Adult-onset vs. overlap-onset,0.9999999999999978,Prostate,0.9999999999999978
Childhood-onset vs. overlap-onset,0.6550818523777591,Prostate,0.9999999999999978
Adult-onset vs. controls,0.9999999999988316,SkinSuprapubic,0.9999999999999984
Childhood-onset vs. controls,0.4062419304250035,SkinSuprapubic,0.9999999999999984
Overlap-onset vs. controls,0.9907348779691284,SkinSuprapubic,0.9999999999999984
Adult-onset vs. childhood-onset,0.9681652744894306,SkinSuprapubic,0.9999999999999984
Adult-onset vs. overlap-onset,0.9999999999999984,SkinSuprapubic,0.9999999999999984
Childhood-onset vs. overlap-onset,0.9999999999999949,SkinSuprapubic,0.9999999999999984
Adult-onset vs. controls,0.9999999999999817,SkinLowerLeg,0.9999999999999998
Childhood-onset vs. controls,0.8734128781956604,SkinLowerLeg,0.9999999999999998
Overlap-onset vs. controls,0.3976112373221701,SkinLowerLeg,0.9999999999999998
Adult-onset vs. childhood-onset,0.9999999999999982,SkinLowerLeg,0.9999999999999998
Adult-onset vs. overlap-onset,0.9999999999999998,SkinLowerLeg,0.9999999999999998
Childhood-onset vs. overlap-onset,0.4408778275854611,SkinLowerLeg,0.9999999999999998
Adult-onset vs. controls,0.6880607497853385,SmallIntestine,0.9999999999999994
Childhood-onset vs. controls,0.09143524889719379,SmallIntestine,0.5377032636322636
Overlap-onset vs. controls,0.8434040901651788,SmallIntestine,0.9999999999999994
Adult-onset vs. childhood-onset,0.9999999999999994,SmallIntestine,0.9999999999999994
Adult-onset vs. overlap-onset,0.6527926697508626,SmallIntestine,0.9999999999999994
Childhood-onset vs. overlap-onset,0.17923442121075456,SmallIntestine,0.5377032636322636
Adult-onset vs. controls,0.5457669187823269,Spleen,0.9895776018914895
Childhood-onset vs. controls,0.18659994661972826,Spleen,0.9895776018914895
Overlap-onset vs. controls,0.7658440880362323,Spleen,0.9895776018914895
Adult-onset vs. childhood-onset,0.9224347093904749,Spleen,0.9895776018914895
Adult-onset vs. overlap-onset,0.8340305366161993,Spleen,0.9895776018914895
Childhood-onset vs. overlap-onset,0.9895776018914895,Spleen,0.9895776018914895
Adult-onset vs. controls,0.9999999999999853,Stomach,0.9999999999999994
Childhood-onset vs. controls,0.9999999999999954,Stomach,0.9999999999999994
Overlap-onset vs. controls,0.9999999999985862,Stomach,0.9999999999999994
Adult-onset vs. childhood-onset,0.9999999999999994,Stomach,0.9999999999999994
Adult-onset vs. overlap-onset,0.9999999999999984,Stomach,0.9999999999999994
Childhood-onset vs. overlap-onset,0.9999999999999957,Stomach,0.9999999999999994
Adult-onset vs. controls,0.9999999999996736,Testis,0.9999999999996736
Childhood-onset vs. controls,0.17316271516800752,Testis,0.9793119722323955
Overlap-onset vs. controls,0.7196102927586214,Testis,0.9999999999996736
Adult-onset vs. childhood-onset,0.9771726487011191,Testis,0.9999999999996736
Adult-onset vs. overlap-onset,0.974113794716858,Testis,0.9999999999996736
Childhood-onset vs. overlap-onset,0.3264373240774652,Testis,0.9793119722323955
Adult-onset vs. controls,0.999999999998603,Thyroid,0.9999999999999991
Childhood-onset vs. controls,0.4962824330453734,Thyroid,0.9999999999999991
Overlap-onset vs. controls,0.3442723245740579,Thyroid,0.9999999999999991
Adult-onset vs. childhood-onset,0.9999999999999991,Thyroid,0.9999999999999991
Adult-onset vs. overlap-onset,0.9999999999999991,Thyroid,0.9999999999999991
Childhood-onset vs. overlap-onset,0.8299281103496098,Thyroid,0.9999999999999991
Adult-onset vs. controls,0.15915837019228454,Uterus,0.3183167403845691
Childhood-onset vs. controls,5.228853977449037e-4,Uterus,0.003137312386469422
Overlap-onset vs. controls,0.8004037136125456,Uterus,0.9436364431615937
Adult-onset vs. childhood-onset,0.9436364431615937,Uterus,0.9436364431615937
Adult-onset vs. overlap-onset,0.22425032412695373,Uterus,0.33637548619043056
Childhood-onset vs. overlap-onset,0.14766572003069092,Uterus,0.3183167403845691
Adult-onset vs. controls,0.9999999999995508,Vagina,0.9999999999999993
Childhood-onset vs. controls,0.3905697664328701,Vagina,0.9999999999999993
Overlap-onset vs. controls,0.5494891884261389,Vagina,0.9999999999999993
Adult-onset vs. childhood-onset,0.9999999999999812,Vagina,0.9999999999999993
Adult-onset vs. overlap-onset,NA,Vagina,NA
Childhood-onset vs. overlap-onset,0.9999999999999993,Vagina,0.9999999999999993
Adult-onset vs. controls,0.6056382801948978,WholeBlood,0.9999999999999735
Childhood-onset vs. controls,0.01916661565127923,WholeBlood,0.09583307825639614
Overlap-onset vs. controls,0.09108705716954196,WholeBlood,0.2277176429238549
Adult-onset vs. childhood-onset,0.9999999999999735,WholeBlood,0.9999999999999735
Adult-onset vs. overlap-onset,NA,WholeBlood,NA
Childhood-onset vs. overlap-onset,0.9345549827356014,WholeBlood,0.9999999999999735
Adult-onset vs. controls,0.9999999999999983,AdjAdiposeSub,0.9999999999999983
Childhood-onset vs. controls,0.4261561690312419,AdjAdiposeSub,0.9999999999999983
Overlap-onset vs. controls,0.390990406842638,AdjAdiposeSub,0.9999999999999983
Adult-onset vs. childhood-onset,0.9999999999999735,AdjAdiposeSub,0.9999999999999983
Adult-onset vs. overlap-onset,NA,AdjAdiposeSub,NA
Childhood-onset vs. overlap-onset,0.9345549827356014,AdjAdiposeSub,0.9999999999999983
Adult-onset vs. controls,0.9999999999971865,AdjAdiposeVisceral,0.9999999999971865
Childhood-onset vs. controls,0.20016643018330266,AdjAdiposeVisceral,0.600499290549908
Overlap-onset vs. controls,0.635709760172502,AdjAdiposeVisceral,0.953564640258753
Adult-onset vs. childhood-onset,NA,AdjAdiposeVisceral,NA
Adult-onset vs. overlap-onset,NA,AdjAdiposeVisceral,NA
Childhood-onset vs. overlap-onset,NA,AdjAdiposeVisceral,NA
Adult-onset vs. controls,0.9999999999988761,AdjAdrenalGland,0.9999999999999735
Childhood-onset vs. controls,0.7018131688192445,AdjAdrenalGland,0.9999999999999735
Overlap-onset vs. controls,0.5151032576912341,AdjAdrenalGland,0.9999999999999735
Adult-onset vs. childhood-onset,0.9999999999999735,AdjAdrenalGland,0.9999999999999735
Adult-onset vs. overlap-onset,NA,AdjAdrenalGland,NA
Childhood-onset vs. overlap-onset,0.9345549827356014,AdjAdrenalGland,0.9999999999999735
Adult-onset vs. controls,0.9999999999999908,AdjArteryAorta,0.9999999999999993
Childhood-onset vs. controls,0.4244474443455227,AdjArteryAorta,0.9999999999999993
Overlap-onset vs. controls,0.5733724393921825,AdjArteryAorta,0.9999999999999993
Adult-onset vs. childhood-onset,0.9999999999999812,AdjArteryAorta,0.9999999999999993
Adult-onset vs. overlap-onset,NA,AdjArteryAorta,NA
Childhood-onset vs. overlap-onset,0.9999999999999993,AdjArteryAorta,0.9999999999999993
Adult-onset vs. controls,0.8876846029347693,AdjArteryCoronary,0.9999999999999984
Childhood-onset vs. controls,0.16483187886005307,AdjArteryCoronary,0.9889912731603184
Overlap-onset vs. controls,0.6272647812434241,AdjArteryCoronary,0.9999999999999984
Adult-onset vs. childhood-onset,0.9999999999999735,AdjArteryCoronary,0.9999999999999984
Adult-onset vs. overlap-onset,0.9999999999999984,AdjArteryCoronary,0.9999999999999984
Childhood-onset vs. overlap-onset,0.9999999999999963,AdjArteryCoronary,0.9999999999999984
Adult-onset vs. controls,0.9999999999999771,AdjArteryTibial,0.9999999999999771
Childhood-onset vs. controls,0.311851751712969,AdjArteryTibial,0.935555255138907
Overlap-onset vs. controls,0.7965237123646792,AdjArteryTibial,0.9999999999999771
Adult-onset vs. childhood-onset,NA,AdjArteryTibial,NA
Adult-onset vs. overlap-onset,NA,AdjArteryTibial,NA
Childhood-onset vs. overlap-onset,NA,AdjArteryTibial,NA
Adult-onset vs. controls,0.8985783687263814,AdjAmygdala,0.9999999999999984
Childhood-onset vs. controls,0.21044216200072133,AdjAmygdala,0.9037714896204854
Overlap-onset vs. controls,0.9999999999989315,AdjAmygdala,0.9999999999999984
Adult-onset vs. childhood-onset,0.4518857448102427,AdjAmygdala,0.9037714896204854
Adult-onset vs. overlap-onset,0.9999999999999984,AdjAmygdala,0.9999999999999984
Childhood-onset vs. overlap-onset,0.3825938855803745,AdjAmygdala,0.9037714896204854
Adult-onset vs. controls,0.42383995352363923,AdjAntCingCortex,0.6357599302854589
Childhood-onset vs. controls,0.2533046690892945,AdjAntCingCortex,0.5991883475289927
Overlap-onset vs. controls,0.7210632714619815,AdjAntCingCortex,0.8331640490761096
Adult-onset vs. childhood-onset,0.1886919225135092,AdjAntCingCortex,0.5991883475289927
Adult-onset vs. overlap-onset,0.8331640490761096,AdjAntCingCortex,0.8331640490761096
Childhood-onset vs. overlap-onset,0.2995941737644964,AdjAntCingCortex,0.5991883475289927
Adult-onset vs. controls,0.9999999999989242,AdjCaudate,0.9999999999999998
Childhood-onset vs. controls,0.6116805765817859,AdjCaudate,0.9999999999999998
Overlap-onset vs. controls,0.3648406124046816,AdjCaudate,0.9999999999999998
Adult-onset vs. childhood-onset,0.9681652744894306,AdjCaudate,0.9999999999999998
Adult-onset vs. overlap-onset,0.9999999999999998,AdjCaudate,0.9999999999999998
Childhood-onset vs. overlap-onset,0.2995941737644964,AdjCaudate,0.9999999999999998
Adult-onset vs. controls,0.9999999999984274,AdjCerebHemisphere,0.9999999999999978
Childhood-onset vs. controls,0.4847744124813115,AdjCerebHemisphere,0.9999999999999978
Overlap-onset vs. controls,0.8104864926417863,AdjCerebHemisphere,0.9999999999999978
Adult-onset vs. childhood-onset,0.9999999999999927,AdjCerebHemisphere,0.9999999999999978
Adult-onset vs. overlap-onset,0.9999999999999978,AdjCerebHemisphere,0.9999999999999978
Childhood-onset vs. overlap-onset,0.9999999999999915,AdjCerebHemisphere,0.9999999999999978
Adult-onset vs. controls,0.9999999999986408,AdjCerebellum,0.9999999999986408
Childhood-onset vs. controls,0.5646500004210313,AdjCerebellum,0.9999999999986408
Overlap-onset vs. controls,0.4996056502641245,AdjCerebellum,0.9999999999986408
Adult-onset vs. childhood-onset,0.9224347093904749,AdjCerebellum,0.9999999999986408
Adult-onset vs. overlap-onset,0.8340305366161993,AdjCerebellum,0.9999999999986408
Childhood-onset vs. overlap-onset,0.9895776018914895,AdjCerebellum,0.9999999999986408
Adult-onset vs. controls,0.5885504698916557,AdjCortex,0.9119911954131963
Childhood-onset vs. controls,0.7865096166384078,AdjCortex,0.9438115399660894
Overlap-onset vs. controls,0.6079941302754642,AdjCortex,0.9119911954131963
Adult-onset vs. childhood-onset,0.5426738860634833,AdjCortex,0.9119911954131963
Adult-onset vs. overlap-onset,0.999999999999996,AdjCortex,0.999999999999996
Childhood-onset vs. overlap-onset,0.5617789006881704,AdjCortex,0.9119911954131963
Adult-onset vs. controls,0.5565452422238225,AdjFCortex,0.667854290668587
Childhood-onset vs. controls,0.40084949726710034,AdjFCortex,0.667854290668587
Overlap-onset vs. controls,0.5530263630483442,AdjFCortex,0.667854290668587
Adult-onset vs. childhood-onset,0.36255612022118483,AdjFCortex,0.667854290668587
Adult-onset vs. overlap-onset,0.999999999999996,AdjFCortex,0.999999999999996
Childhood-onset vs. overlap-onset,0.3134830851874869,AdjFCortex,0.667854290668587
Adult-onset vs. controls,0.999999999998183,AdjHippocampus,0.9999999999999994
Childhood-onset vs. controls,0.9702575218014117,AdjHippocampus,0.9999999999999994
Overlap-onset vs. controls,0.656777645373048,AdjHippocampus,0.9999999999999994
Adult-onset vs. childhood-onset,0.9999999999999994,AdjHippocampus,0.9999999999999994
Adult-onset vs. overlap-onset,NA,AdjHippocampus,NA
Childhood-onset vs. overlap-onset,0.6705673071997241,AdjHippocampus,0.9999999999999994
Adult-onset vs. controls,0.1337876427566567,AdjHypothalamus,0.4013629282699701
Childhood-onset vs. controls,0.9999999999999873,AdjHypothalamus,0.9999999999999873
Overlap-onset vs. controls,0.34627300903145664,AdjHypothalamus,0.4497601793269864
Adult-onset vs. childhood-onset,0.273328490355756,AdjHypothalamus,0.4497601793269864
Adult-onset vs. overlap-onset,0.06352833770524681,AdjHypothalamus,0.3811700262314809
Childhood-onset vs. overlap-onset,0.37480014943915535,AdjHypothalamus,0.4497601793269864
Adult-onset vs. controls,0.9788221446004437,AdjNucAccumbens,0.9999999999999984
Childhood-onset vs. controls,0.9675960699069319,AdjNucAccumbens,0.9999999999999984
Overlap-onset vs. controls,0.9999999999990065,AdjNucAccumbens,0.9999999999999984
Adult-onset vs. childhood-onset,0.9681652744894306,AdjNucAccumbens,0.9999999999999984
Adult-onset vs. overlap-onset,0.9999999999999984,AdjNucAccumbens,0.9999999999999984
Childhood-onset vs. overlap-onset,0.9999999999999949,AdjNucAccumbens,0.9999999999999984
Adult-onset vs. controls,0.9999999999988753,AdjPutamen,0.9999999999999998
Childhood-onset vs. controls,0.767192724334666,AdjPutamen,0.9999999999999998
Overlap-onset vs. controls,0.2731255647593585,AdjPutamen,0.8987825212934891
Adult-onset vs. childhood-onset,0.9681652744894306,AdjPutamen,0.9999999999999998
Adult-onset vs. overlap-onset,0.9999999999999998,AdjPutamen,0.9999999999999998
Childhood-onset vs. overlap-onset,0.2995941737644964,AdjPutamen,0.8987825212934891
Adult-onset vs. controls,0.9999999999980633,AdjSpinalcord,0.9999999999999978
Childhood-onset vs. controls,0.6165465003490712,AdjSpinalcord,0.9999999999999978
Overlap-onset vs. controls,0.9001849182792017,AdjSpinalcord,0.9999999999999978
Adult-onset vs. childhood-onset,0.9999999999999927,AdjSpinalcord,0.9999999999999978
Adult-onset vs. overlap-onset,0.9999999999999978,AdjSpinalcord,0.9999999999999978
Childhood-onset vs. overlap-onset,0.9999999999999915,AdjSpinalcord,0.9999999999999978
Adult-onset vs. controls,0.9999999999997947,AdjSubstantianigra,0.9999999999999994
Childhood-onset vs. controls,0.9145944669295483,AdjSubstantianigra,0.9999999999999994
Overlap-onset vs. controls,0.9345715236311305,AdjSubstantianigra,0.9999999999999994
Adult-onset vs. childhood-onset,0.999999999999998,AdjSubstantianigra,0.9999999999999994
Adult-onset vs. overlap-onset,0.9999999999999994,AdjSubstantianigra,0.9999999999999994
Childhood-onset vs. overlap-onset,0.999999999999999,AdjSubstantianigra,0.9999999999999994
Adult-onset vs. controls,0.9999999999979319,AdjBreast,0.9999999999999984
Childhood-onset vs. controls,0.3133167523922937,AdjBreast,0.9999999999999984
Overlap-onset vs. controls,0.8349931258543473,AdjBreast,0.9999999999999984
Adult-onset vs. childhood-onset,0.9999999999999735,AdjBreast,0.9999999999999984
Adult-onset vs. overlap-onset,0.9999999999999984,AdjBreast,0.9999999999999984
Childhood-onset vs. overlap-onset,0.9999999999999963,AdjBreast,0.9999999999999984
Adult-onset vs. controls,0.999999999998133,AdjCellsLymphocytes,0.9999999999999993
Childhood-onset vs. controls,0.23334564335696015,AdjCellsLymphocytes,0.9999999999999993
Overlap-onset vs. controls,0.42570756767425066,AdjCellsLymphocytes,0.9999999999999993
Adult-onset vs. childhood-onset,0.9999999999999812,AdjCellsLymphocytes,0.9999999999999993
Adult-onset vs. overlap-onset,NA,AdjCellsLymphocytes,NA
Childhood-onset vs. overlap-onset,0.9999999999999993,AdjCellsLymphocytes,0.9999999999999993
Adult-onset vs. controls,0.9999999999991886,AdjCellsFibroblasts,0.9999999999999998
Childhood-onset vs. controls,0.9999999999999959,AdjCellsFibroblasts,0.9999999999999998
Overlap-onset vs. controls,0.4241874875991888,AdjCellsFibroblasts,0.9999999999999998
Adult-onset vs. childhood-onset,0.9999999999999998,AdjCellsFibroblasts,0.9999999999999998
Adult-onset vs. overlap-onset,NA,AdjCellsFibroblasts,NA
Childhood-onset vs. overlap-onset,0.49664276945315683,AdjCellsFibroblasts,0.9999999999999998
Adult-onset vs. controls,0.9999999999999954,AdjColonSigmoid,0.9999999999999978
Childhood-onset vs. controls,0.5515386050489458,AdjColonSigmoid,0.9999999999999978
Overlap-onset vs. controls,0.9232166858372256,AdjColonSigmoid,0.9999999999999978
Adult-onset vs. childhood-onset,0.9999999999999735,AdjColonSigmoid,0.9999999999999978
Adult-onset vs. overlap-onset,0.9999999999999978,AdjColonSigmoid,0.9999999999999978
Childhood-onset vs. overlap-onset,0.6550818523777591,AdjColonSigmoid,0.9999999999999978
Adult-onset vs. controls,0.7598649440448751,AdjColonTransverse,0.9999999999999984
Childhood-onset vs. controls,0.07213456661615987,AdjColonTransverse,0.43280739969695925
Overlap-onset vs. controls,0.43738259936115986,AdjColonTransverse,0.9999999999999984
Adult-onset vs. childhood-onset,0.9999999999999735,AdjColonTransverse,0.9999999999999984
Adult-onset vs. overlap-onset,0.9999999999999984,AdjColonTransverse,0.9999999999999984
Childhood-onset vs. overlap-onset,0.9999999999999963,AdjColonTransverse,0.9999999999999984
Adult-onset vs. controls,0.999999999999989,AdjEsophGastJunction,0.9999999999999984
Childhood-onset vs. controls,0.2339263332748511,AdjEsophGastJunction,0.9999999999999984
Overlap-onset vs. controls,0.9999999999998331,AdjEsophGastJunction,0.9999999999999984
Adult-onset vs. childhood-onset,NA,AdjEsophGastJunction,NA
Adult-onset vs. overlap-onset,0.9999999999999984,AdjEsophGastJunction,0.9999999999999984
Childhood-onset vs. overlap-onset,0.6154194020398062,AdjEsophGastJunction,0.9999999999999984
Adult-onset vs. controls,0.9999999999999928,AdjEsophMucosa,0.9999999999999993
Childhood-onset vs. controls,0.41178534426648516,AdjEsophMucosa,0.9999999999999993
Overlap-onset vs. controls,0.564529870316492,AdjEsophMucosa,0.9999999999999993
Adult-onset vs. childhood-onset,0.9999999999999812,AdjEsophMucosa,0.9999999999999993
Adult-onset vs. overlap-onset,NA,AdjEsophMucosa,NA
Childhood-onset vs. overlap-onset,0.9999999999999993,AdjEsophMucosa,0.9999999999999993
Adult-onset vs. controls,0.9999999999987618,AdjEsophMuscularis,0.9999999999987618
Childhood-onset vs. controls,0.35881388074724235,AdjEsophMuscularis,0.9999999999987618
Overlap-onset vs. controls,0.857301201903152,AdjEsophMuscularis,0.9999999999987618
Adult-onset vs. childhood-onset,NA,AdjEsophMuscularis,NA
Adult-onset vs. overlap-onset,NA,AdjEsophMuscularis,NA
Childhood-onset vs. overlap-onset,NA,AdjEsophMuscularis,NA
Adult-onset vs. controls,0.9999999999999957,AdjHeartAtrialApp,0.9999999999999957
Childhood-onset vs. controls,0.5575864957082792,AdjHeartAtrialApp,0.9999999999999957
Overlap-onset vs. controls,0.9999999999999917,AdjHeartAtrialApp,0.9999999999999957
Adult-onset vs. childhood-onset,NA,AdjHeartAtrialApp,NA
Adult-onset vs. overlap-onset,NA,AdjHeartAtrialApp,NA
Childhood-onset vs. overlap-onset,NA,AdjHeartAtrialApp,NA
Adult-onset vs. controls,0.9999999999999909,AdjHeartLeftVent,0.9999999999999984
Childhood-onset vs. controls,0.5052953215695049,AdjHeartLeftVent,0.9999999999999984
Overlap-onset vs. controls,0.974345353776646,AdjHeartLeftVent,0.9999999999999984
Adult-onset vs. childhood-onset,NA,AdjHeartLeftVent,NA
Adult-onset vs. overlap-onset,0.9999999999999984,AdjHeartLeftVent,0.9999999999999984
Childhood-onset vs. overlap-onset,0.6154194020398062,AdjHeartLeftVent,0.9999999999999984
Adult-onset vs. controls,0.9999999999999968,AdjLiver,0.9999999999999968
Childhood-onset vs. controls,0.08857966131313136,AdjLiver,0.22144915328282838
Overlap-onset vs. controls,0.3790229521357196,AdjLiver,0.6317049202261994
Adult-onset vs. childhood-onset,NA,AdjLiver,NA
Adult-onset vs. overlap-onset,0.8340305366161993,AdjLiver,0.9999999999999968
Childhood-onset vs. overlap-onset,0.02988407740857319,AdjLiver,0.14942038704286595
Adult-onset vs. controls,0.9999999999999841,AdjLung,0.9999999999999993
Childhood-onset vs. controls,0.21356646134198587,AdjLung,0.9999999999999993
Overlap-onset vs. controls,0.40789864972992557,AdjLung,0.9999999999999993
Adult-onset vs. childhood-onset,0.9999999999999812,AdjLung,0.9999999999999993
Adult-onset vs. overlap-onset,NA,AdjLung,NA
Childhood-onset vs. overlap-onset,0.9999999999999993,AdjLung,0.9999999999999993
Adult-onset vs. controls,0.9999999999999856,AdjMuscleSkeletal,0.9999999999999856
Childhood-onset vs. controls,0.4506870571083876,AdjMuscleSkeletal,0.9999999999999856
Overlap-onset vs. controls,0.9686253275385436,AdjMuscleSkeletal,0.9999999999999856
Adult-onset vs. childhood-onset,NA,AdjMuscleSkeletal,NA
Adult-onset vs. overlap-onset,NA,AdjMuscleSkeletal,NA
Childhood-onset vs. overlap-onset,NA,AdjMuscleSkeletal,NA
Adult-onset vs. controls,0.9999999999979643,AdjNerveTibial,0.9999999999999994
Childhood-onset vs. controls,0.8132816203977432,AdjNerveTibial,0.9999999999999994
Overlap-onset vs. controls,0.9922680748596246,AdjNerveTibial,0.9999999999999994
Adult-onset vs. childhood-onset,0.9999999999999994,AdjNerveTibial,0.9999999999999994
Adult-onset vs. overlap-onset,0.9999999999999984,AdjNerveTibial,0.9999999999999994
Childhood-onset vs. overlap-onset,0.9999999999999957,AdjNerveTibial,0.9999999999999994
Adult-onset vs. controls,0.9999999999980633,AdjOvary,0.9999999999999984
Childhood-onset vs. controls,0.2746822207502054,AdjOvary,0.9999999999999984
Overlap-onset vs. controls,0.9999999999999964,AdjOvary,0.9999999999999984
Adult-onset vs. childhood-onset,0.9999999999999812,AdjOvary,0.9999999999999984
Adult-onset vs. overlap-onset,0.9999999999999984,AdjOvary,0.9999999999999984
Childhood-onset vs. overlap-onset,0.9999999999999851,AdjOvary,0.9999999999999984
Adult-onset vs. controls,0.9999999999999984,AdjPancreas,0.9999999999999984
Childhood-onset vs. controls,0.2629317035350744,AdjPancreas,0.7887951106052231
Overlap-onset vs. controls,0.7294575885888843,AdjPancreas,0.9999999999999984
Adult-onset vs. childhood-onset,NA,AdjPancreas,NA
Adult-onset vs. overlap-onset,NA,AdjPancreas,NA
Childhood-onset vs. overlap-onset,NA,AdjPancreas,NA
Adult-onset vs. controls,0.9999999999991968,AdjPituitary,0.9999999999999994
Childhood-onset vs. controls,0.9913050643092127,AdjPituitary,0.9999999999999994
Overlap-onset vs. controls,0.8369771080929975,AdjPituitary,0.9999999999999994
Adult-onset vs. childhood-onset,0.9999999999999994,AdjPituitary,0.9999999999999994
Adult-onset vs. overlap-onset,0.9999999999999984,AdjPituitary,0.9999999999999994
Childhood-onset vs. overlap-onset,0.8522721452200172,AdjPituitary,0.9999999999999994
Adult-onset vs. controls,0.8059889901763471,AdjProstate,0.8059889901763471
Childhood-onset vs. controls,0.014915425983363189,AdjProstate,0.044746277950089564
Overlap-onset vs. controls,0.19153953045749866,AdjProstate,0.28730929568624797
Adult-onset vs. childhood-onset,NA,AdjProstate,NA
Adult-onset vs. overlap-onset,NA,AdjProstate,NA
Childhood-onset vs. overlap-onset,NA,AdjProstate,NA
Adult-onset vs. controls,0.8782454548341587,AdjSkinSuprapubic,0.9999999999999994
Childhood-onset vs. controls,0.3167979625279308,AdjSkinSuprapubic,0.791994906319827
Overlap-onset vs. controls,0.23683224043352985,AdjSkinSuprapubic,0.791994906319827
Adult-onset vs. childhood-onset,0.9999999999999994,AdjSkinSuprapubic,0.9999999999999994
Adult-onset vs. overlap-onset,NA,AdjSkinSuprapubic,NA
Childhood-onset vs. overlap-onset,0.6705673071997241,AdjSkinSuprapubic,0.9999999999999994
Adult-onset vs. controls,0.9999999999977197,AdjSkinLowerLeg,0.9999999999999993
Childhood-onset vs. controls,0.3462579247901304,AdjSkinLowerLeg,0.9999999999999993
Overlap-onset vs. controls,0.5170466747968786,AdjSkinLowerLeg,0.9999999999999993
Adult-onset vs. childhood-onset,0.9999999999999812,AdjSkinLowerLeg,0.9999999999999993
Adult-onset vs. overlap-onset,NA,AdjSkinLowerLeg,NA
Childhood-onset vs. overlap-onset,0.9999999999999993,AdjSkinLowerLeg,0.9999999999999993
Adult-onset vs. controls,0.6872450008970566,AdjSmallIntestine,0.9999999999999984
Childhood-onset vs. controls,0.01632818254957019,AdjSmallIntestine,0.09796909529742115
Overlap-onset vs. controls,0.3422700692402995,AdjSmallIntestine,0.9999999999999984
Adult-onset vs. childhood-onset,0.9999999999999812,AdjSmallIntestine,0.9999999999999984
Adult-onset vs. overlap-onset,0.9999999999999984,AdjSmallIntestine,0.9999999999999984
Childhood-onset vs. overlap-onset,0.9999999999999851,AdjSmallIntestine,0.9999999999999984
Adult-onset vs. controls,0.9999999999999978,AdjSpleen,0.9999999999999978
Childhood-onset vs. controls,0.6204765562802971,AdjSpleen,0.9999999999999978
Overlap-onset vs. controls,0.47990597994313466,AdjSpleen,0.9999999999999978
Adult-onset vs. childhood-onset,0.9999999999999735,AdjSpleen,0.9999999999999978
Adult-onset vs. overlap-onset,NA,AdjSpleen,NA
Childhood-onset vs. overlap-onset,0.9345549827356014,AdjSpleen,0.9999999999999978
Adult-onset vs. controls,0.7938264147345565,AdjStomach,0.9999999999999984
Childhood-onset vs. controls,0.601128758336842,AdjStomach,0.9999999999999984
Overlap-onset vs. controls,0.48526126812144454,AdjStomach,0.9999999999999984
Adult-onset vs. childhood-onset,0.9999999999999927,AdjStomach,0.9999999999999984
Adult-onset vs. overlap-onset,0.9999999999999984,AdjStomach,0.9999999999999984
Childhood-onset vs. overlap-onset,0.8861116408746335,AdjStomach,0.9999999999999984
Adult-onset vs. controls,0.9999999999995202,AdjTestis,0.9999999999999963
Childhood-onset vs. controls,0.01577560202849671,AdjTestis,0.09465361217098027
Overlap-onset vs. controls,0.22892810284899168,AdjTestis,0.686784308546975
Adult-onset vs. childhood-onset,0.6690305809841421,AdjTestis,0.9999999999999963
Adult-onset vs. overlap-onset,0.9051494005303214,AdjTestis,0.9999999999999963
Childhood-onset vs. overlap-onset,0.9999999999999963,AdjTestis,0.9999999999999963
Adult-onset vs. controls,0.8758351220500777,AdjThyroid,0.9345549827356014
Childhood-onset vs. controls,0.49636004286941793,AdjThyroid,0.9345549827356014
Overlap-onset vs. controls,0.4241874875991888,AdjThyroid,0.9345549827356014
Adult-onset vs. childhood-onset,0.6690305809841421,AdjThyroid,0.9345549827356014
Adult-onset vs. overlap-onset,0.48725960706073657,AdjThyroid,0.9345549827356014
Childhood-onset vs. overlap-onset,0.9345549827356014,AdjThyroid,0.9345549827356014
Adult-onset vs. controls,0.9999999999999937,AdjUterus,0.9999999999999937
Childhood-onset vs. controls,0.29111153509995774,AdjUterus,0.8733346052998732
Overlap-onset vs. controls,0.7686169671280025,AdjUterus,0.9999999999999937
Adult-onset vs. childhood-onset,NA,AdjUterus,NA
Adult-onset vs. overlap-onset,NA,AdjUterus,NA
Childhood-onset vs. overlap-onset,NA,AdjUterus,NA
Adult-onset vs. controls,0.7097506965371975,AdjVagina,0.8871883706714968
Childhood-onset vs. controls,0.2132959213728195,AdjVagina,0.5332398034320487
Overlap-onset vs. controls,0.13852462784730726,AdjVagina,0.5332398034320487
Adult-onset vs. childhood-onset,0.9999999999999998,AdjVagina,0.9999999999999998
Adult-onset vs. overlap-onset,NA,AdjVagina,NA
Childhood-onset vs. overlap-onset,0.49664276945315683,AdjVagina,0.8277379490885948
Adult-onset vs. controls,0.9999999999999988,AdjWholeBlood,0.9999999999999988
Childhood-onset vs. controls,0.2936138886437863,AdjWholeBlood,0.8808416659313589
Overlap-onset vs. controls,0.7720227207566936,AdjWholeBlood,0.9999999999999988
Adult-onset vs. childhood-onset,NA,AdjWholeBlood,NA
Adult-onset vs. overlap-onset,NA,AdjWholeBlood,NA
Childhood-onset vs. overlap-onset,NA,AdjWholeBlood,NA
Adult-onset vs. controls,0.5146360018893914,BrainDDG,0.7830169521362138
Childhood-onset vs. controls,2.1388155889384208e-5,BrainDDG,1.2832893533630524e-4
Overlap-onset vs. controls,0.00265854232265501,BrainDDG,0.00797562696796503
Adult-onset vs. childhood-onset,0.7532817605624911,BrainDDG,0.7830169521362138
Adult-onset vs. overlap-onset,0.6221370916589715,BrainDDG,0.7830169521362138
Childhood-onset vs. overlap-onset,0.7830169521362138,BrainDDG,0.7830169521362138
Adult-onset vs. controls,0.12562003868788774,CerebellumDDG,0.2512400773757755
Childhood-onset vs. controls,1.7258495747227742e-6,CerebellumDDG,1.0355097448336645e-5
Overlap-onset vs. controls,0.006475838281778256,CerebellumDDG,0.019427514845334767
Adult-onset vs. childhood-onset,0.9999999999999979,CerebellumDDG,0.9999999999999993
Adult-onset vs. overlap-onset,0.9999999999999993,CerebellumDDG,0.9999999999999993
Childhood-onset vs. overlap-onset,0.9880883163239127,CerebellumDDG,0.9999999999999993
Adult-onset vs. controls,0.17319001395763092,HeartDDG,0.34638002791526185
Childhood-onset vs. controls,0.15123022938723793,HeartDDG,0.34638002791526185
Overlap-onset vs. controls,0.1402662051294734,HeartDDG,0.34638002791526185
Adult-onset vs. childhood-onset,0.4236887512085511,HeartDDG,0.6355331268128266
Adult-onset vs. overlap-onset,0.6807922972071611,HeartDDG,0.6807922972071611
Childhood-onset vs. overlap-onset,0.6733921074613399,HeartDDG,0.6807922972071611
Adult-onset vs. controls,0.6086573707451025,KidneyDDG,0.821257149431906
Childhood-onset vs. controls,0.821257149431906,KidneyDDG,0.821257149431906
Overlap-onset vs. controls,0.30645685597396227,KidneyDDG,0.704096734196969
Adult-onset vs. childhood-onset,0.7073214403670496,KidneyDDG,0.821257149431906
Adult-onset vs. overlap-onset,0.3520483670984845,KidneyDDG,0.704096734196969
Childhood-onset vs. overlap-onset,0.3210982113084556,KidneyDDG,0.704096734196969
Adult-onset vs. controls,0.9999999999999412,LiverDDG,0.9999999999999994
Childhood-onset vs. controls,0.00165586882927259,LiverDDG,0.00993521297563554
Overlap-onset vs. controls,0.6245783026893569,LiverDDG,0.9368674540340354
Adult-onset vs. childhood-onset,0.5147144286668105,LiverDDG,0.9368674540340354
Adult-onset vs. overlap-onset,0.9999999999999994,LiverDDG,0.9999999999999994
Childhood-onset vs. overlap-onset,0.2943770704108566,LiverDDG,0.8831312112325698
Adult-onset vs. controls,0.9999999999999973,OvaryDDG,0.9999999999999993
Childhood-onset vs. controls,0.545334999846791,OvaryDDG,0.9999999999999993
Overlap-onset vs. controls,0.4395444814733988,OvaryDDG,0.9999999999999993
Adult-onset vs. childhood-onset,0.9999999999999993,OvaryDDG,0.9999999999999993
Adult-onset vs. overlap-onset,0.8383868582866296,OvaryDDG,0.9999999999999993
Childhood-onset vs. overlap-onset,0.32664462456365945,OvaryDDG,0.9999999999999993
Adult-onset vs. controls,0.1604785843858792,TestisDDG,0.2407178765788188
Childhood-onset vs. controls,0.6034237205674239,TestisDDG,0.6175614054921653
Overlap-onset vs. controls,0.14202374132560158,TestisDDG,0.2407178765788188
Adult-onset vs. childhood-onset,0.13481815717070564,TestisDDG,0.2407178765788188
Adult-onset vs. overlap-onset,0.6175614054921653,TestisDDG,0.6175614054921653
Childhood-onset vs. overlap-onset,0.12422236075668655,TestisDDG,0.2407178765788188
Adult-onset vs. controls,0.9194151356902395,TestisNoAdultsDDG,0.9888992350306222
Childhood-onset vs. controls,0.26661822518603967,TestisNoAdultsDDG,0.9888992350306222
Overlap-onset vs. controls,0.42718840234962574,TestisNoAdultsDDG,0.9888992350306222
Adult-onset vs. childhood-onset,0.6649940682837634,TestisNoAdultsDDG,0.9888992350306222
Adult-onset vs. overlap-onset,0.6515045778167552,TestisNoAdultsDDG,0.9888992350306222
Childhood-onset vs. overlap-onset,0.9888992350306222,TestisNoAdultsDDG,0.9888992350306222
Adult-onset vs. controls,0.7378138480777368,STR_present,0.9999999999999997
Childhood-onset vs. controls,0.08923303669719056,STR_present,0.5353982201831433
Overlap-onset vs. controls,0.40736933389848345,STR_present,0.9999999999999997
Adult-onset vs. childhood-onset,0.9999999999999948,STR_present,0.9999999999999997
Adult-onset vs. overlap-onset,0.9999999999999997,STR_present,0.9999999999999997
Childhood-onset vs. overlap-onset,0.9999999999999992,STR_present,0.9999999999999997
Adult-onset vs. controls,0.9999999999975494,number_cerebellar_eSTRs,0.9999999999999997
Childhood-onset vs. controls,0.9999999999999997,number_cerebellar_eSTRs,0.9999999999999997
Overlap-onset vs. controls,0.9999999999999848,number_cerebellar_eSTRs,0.9999999999999997
Adult-onset vs. childhood-onset,0.9999999999999994,number_cerebellar_eSTRs,0.9999999999999997
Adult-onset vs. overlap-onset,0.9999999999999984,number_cerebellar_eSTRs,0.9999999999999997
Childhood-onset vs. overlap-onset,0.9999999999999957,number_cerebellar_eSTRs,0.9999999999999997
Adult-onset vs. controls,0.999999999999999,number_heart_eSTRs,0.999999999999999
Childhood-onset vs. controls,0.10507681445881482,number_heart_eSTRs,0.6304608867528889
Overlap-onset vs. controls,0.9999999999999909,number_heart_eSTRs,0.999999999999999
Adult-onset vs. childhood-onset,0.8301036177053066,number_heart_eSTRs,0.999999999999999
Adult-onset vs. overlap-onset,0.9999999999999984,number_heart_eSTRs,0.999999999999999
Childhood-onset vs. overlap-onset,0.5706737213618387,number_heart_eSTRs,0.999999999999999
Adult-onset vs. controls,0.9999999999996806,number_nerve_eSTRs,0.9999999999999998
Childhood-onset vs. controls,0.3309272344950339,number_nerve_eSTRs,0.9999999999999998
Overlap-onset vs. controls,0.999999999999949,number_nerve_eSTRs,0.9999999999999998
Adult-onset vs. childhood-onset,0.9999999999999919,number_nerve_eSTRs,0.9999999999999998
Adult-onset vs. overlap-onset,0.9999999999999998,number_nerve_eSTRs,0.9999999999999998
Childhood-onset vs. overlap-onset,0.9155251285441265,number_nerve_eSTRs,0.9999999999999998
Adult-onset vs. controls,0.9999999999999966,CL,0.9999999999999966
Childhood-onset vs. controls,2.4586846629768194e-4,CL,9.653908016787171e-4
Overlap-onset vs. controls,3.217969338929057e-4,CL,9.653908016787171e-4
Adult-onset vs. childhood-onset,0.47524753099257877,CL,0.7128712964888682
Adult-onset vs. overlap-onset,0.3362776096188876,CL,0.6725552192377752
Childhood-onset vs. overlap-onset,0.6103622121705335,CL,0.7324346546046402
Adult-onset vs. controls,0.5171446231894535,DL,0.6860305614918171
Childhood-onset vs. controls,1.895983312139104e-17,DL,1.1375899872834624e-16
Overlap-onset vs. controls,0.2086120464373847,DL,0.4172240928747694
Adult-onset vs. childhood-onset,0.5716921345765142,DL,0.6860305614918171
Adult-onset vs. overlap-onset,0.9999999999999991,DL,0.9999999999999991
Childhood-onset vs. overlap-onset,0.0840407550388225,DL,0.2521222651164675
Adult-onset vs. controls,0.9933244110784928,SV,0.999999999999999
Childhood-onset vs. controls,0.44920081525445194,SV,0.999999999999999
Overlap-onset vs. controls,0.6262138756607607,SV,0.999999999999999
Adult-onset vs. childhood-onset,0.8301036177053066,SV,0.999999999999999
Adult-onset vs. overlap-onset,0.8340305366161993,SV,0.999999999999999
Childhood-onset vs. overlap-onset,0.999999999999999,SV,0.999999999999999
Adult-onset vs. controls,0.9999999999998135,VN,0.9999999999999978
Childhood-onset vs. controls,0.5551725021834617,VN,0.9999999999999978
Overlap-onset vs. controls,0.9199551162965411,VN,0.9999999999999978
Adult-onset vs. childhood-onset,0.9999999999999735,VN,0.9999999999999978
Adult-onset vs. overlap-onset,0.9999999999999978,VN,0.9999999999999978
Childhood-onset vs. overlap-onset,0.6550818523777591,VN,0.9999999999999978
Adult-onset vs. controls,0.02057701380587667,VP,0.03561504728020266
Childhood-onset vs. controls,0.007546769993089276,VP,0.022640309979267827
Overlap-onset vs. controls,0.5994746644951875,VP,0.5994746644951875
Adult-onset vs. childhood-onset,2.026556031170846e-4,VP,0.0012159336187025076
Adult-onset vs. overlap-onset,0.17497884588525864,VP,0.20997461506231035
Childhood-onset vs. overlap-onset,0.023743364853468438,VP,0.03561504728020266
